{"cameraMode":{"drawMode":0,"name":"Shaded","section":"Shading Mode"},"sceneLighting":true,"audioPlay":false,"sceneViewState":{"m_AlwaysRefresh":false,"showFog":true,"showSkybox":true,"showFlares":true,"showImageEffects":true,"showParticleSystems":true,"showVisualEffectGraphs":true,"m_FxEnabled":true},"in2DMode":false,"pivot":{"x":3.487940549850464,"y":2.267853260040283,"z":-15.95267391204834},"rotation":{"x":0.0007597697549499571,"y":-0.9941685199737549,"z":0.10778750479221344,"w":0.007153321523219347},"size":9.745994567871094,"orthographic":false}