{"cameraMode":{"drawMode":0,"name":"Shaded","section":"Shading Mode"},"sceneLighting":true,"audioPlay":false,"sceneViewState":{"showFog":true,"showMaterialUpdate":false,"showSkybox":true,"showFlares":true,"showImageEffects":true,"showParticleSystems":true,"showVisualEffectGraphs":true,"m_FxEnabled":true},"in2DMode":false,"pivot":{"x":-0.12721773982048036,"y":1.2058840990066529,"z":-1.8124192953109742},"rotation":{"x":0.09188706427812576,"y":-0.8958348035812378,"z":0.2192254662513733,"w":0.3754822909832001},"size":1.0606602430343629,"orthographic":false}