{"cameraMode":{"drawMode":0,"name":"Shaded","section":"Shading Mode"},"sceneLighting":true,"audioPlay":false,"sceneViewState":{"m_AlwaysRefresh":false,"showFog":true,"showSkybox":true,"showFlares":true,"showImageEffects":true,"showParticleSystems":true,"showVisualEffectGraphs":true,"m_FxEnabled":true},"in2DMode":false,"pivot":{"x":0.6861475110054016,"y":-0.11947327852249146,"z":0.84998619556427},"rotation":{"x":0.004878153558820486,"y":-0.9707840085029602,"z":0.23911075294017793,"w":0.019805537536740304},"size":3.460659980773926,"orthographic":false}